Species ID,Species Name,Time,Birth Rate,Death Rate,Resource Consumption Rate,Food Availability,Predation Pressure,Environmental Change,Population
1,Live,1,0.4103999646184979,0.13016682518743655,1.2889021951363397,97.31795720886228,0.14119302922809435,drought,41.03975957904773
1,Live,2,0.4103999646184979,0.13016682518743655,1.2889021951363397,186.97041862783175,0.2879182252244661,normal,41.039513414801874
1,Live,3,0.4103999646184979,0.13016682518743655,1.2889021951363397,97.20168211977169,0.3311649459944912,flood,41.03944085878086
1,Live,4,0.4103999646184979,0.13016682518743655,1.2889021951363397,182.70247308300537,0.3249974163982079,drought,41.03945120618753
1,Live,5,0.4103999646184979,0.13016682518743655,1.2889021951363397,89.73202497470787,0.1308474787700519,normal,41.03977693601638
1,Live,6,0.4103999646184979,0.13016682518743655,1.2889021951363397,130.84659345009356,0.37603676770960637,flood,41.0393655762905
1,Live,7,0.4103999646184979,0.13016682518743655,1.2889021951363397,184.67343254037155,0.20570624751879465,drought,41.03965134373327
1,Live,8,0.4103999646184979,0.13016682518743655,1.2889021951363397,199.59886669837414,0.07778255499651937,flood,41.03986596426306
1,Live,9,0.4103999646184979,0.13016682518743655,1.2889021951363397,63.636411826069086,0.03308702395811994,drought,41.03994095098648
1,Live,10,0.4103999646184979,0.13016682518743655,1.2889021951363397,72.92619790223915,0.08839118084400062,normal,41.039848165926756
1,Live,11,0.4103999646184979,0.13016682518743655,1.2889021951363397,113.3239950199526,0.041128576014458997,flood,41.0399274594891
1,Live,12,0.4103999646184979,0.13016682518743655,1.2889021951363397,139.3832642541692,0.23934444501449187,flood,41.0395949081534
1,Live,13,0.4103999646184979,0.13016682518743655,1.2889021951363397,195.66175664204272,0.43178205409490406,drought,41.039272051137644
1,Live,14,0.4103999646184979,0.13016682518743655,1.2889021951363397,152.04251153847778,0.06613035406200646,normal,41.03988551342935
1,Live,15,0.4103999646184979,0.13016682518743655,1.2889021951363397,162.63166993874145,0.38661337900214854,flood,41.039347831665765
1,Live,16,0.4103999646184979,0.13016682518743655,1.2889021951363397,66.73282603938146,0.22303497282786144,flood,41.0396222709311
1,Live,17,0.4103999646184979,0.13016682518743655,1.2889021951363397,50.486797415259396,0.3638251100418563,normal,41.03938606407026
1,Live,18,0.4103999646184979,0.13016682518743655,1.2889021951363397,89.50835761266362,0.25528719539464617,drought,41.03956816063333
1,Live,19,0.4103999646184979,0.13016682518743655,1.2889021951363397,126.15225119064878,0.06214130317087544,normal,41.03989220595204
1,Live,20,0.4103999646184979,0.13016682518743655,1.2889021951363397,94.76671871729494,0.32308525248434256,normal,41.03945441426904
1,Live,21,0.4103999646184979,0.13016682518743655,1.2889021951363397,79.83666526470995,0.1932177877696625,drought,41.039672295910265
1,Live,22,0.4103999646184979,0.13016682518743655,1.2889021951363397,130.90685451794386,0.39152697452897356,normal,41.039339588013206
1,Live,23,0.4103999646184979,0.13016682518743655,1.2889021951363397,187.77402415935535,0.3034828463855122,flood,41.03948730167792
1,Live,24,0.4103999646184979,0.13016682518743655,1.2889021951363397,52.92151135787485,0.4652583219696624,flood,41.03921588723083
1,Live,25,0.4103999646184979,0.13016682518743655,1.2889021951363397,85.91784655070882,0.12802708029914422,normal,41.039781667863956
1,Live,26,0.4103999646184979,0.13016682518743655,1.2889021951363397,192.0424167946991,0.0519701915132606,flood,41.03990927026069
1,Live,27,0.4103999646184979,0.13016682518743655,1.2889021951363397,172.40348801301326,0.48921240190189375,normal,41.03917569891838
1,Live,28,0.4103999646184979,0.13016682518743655,1.2889021951363397,164.87516439604815,0.07291181760488376,flood,41.039874136011534
1,Live,29,0.4103999646184979,0.13016682518743655,1.2889021951363397,192.02730195574864,0.09091220989732254,normal,41.039843936338166
1,Live,30,0.4103999646184979,0.13016682518743655,1.2889021951363397,180.86495616278862,0.21733759069843459,drought,41.03963182956051
1,Live,31,0.4103999646184979,0.13016682518743655,1.2889021951363397,189.33702395032654,0.3800799463515447,normal,41.03935879295643
1,Live,32,0.4103999646184979,0.13016682518743655,1.2889021951363397,80.17265950845439,0.16274098273743853,normal,41.039723427549085
1,Live,33,0.4103999646184979,0.13016682518743655,1.2889021951363397,147.48170864591802,0.22466904111810698,normal,41.03961952941703
1,Live,34,0.4103999646184979,0.13016682518743655,1.2889021951363397,117.72292120866946,0.1314737506963439,drought,41.039775885305524
1,Live,35,0.4103999646184979,0.13016682518743655,1.2889021951363397,100.7128343221183,0.29827127204404436,drought,41.03949604525641
1,Live,36,0.4103999646184979,0.13016682518743655,1.2889021951363397,138.26601716155267,0.013523511102695835,normal,41.03997377314327
1,Live,37,0.4103999646184979,0.13016682518743655,1.2889021951363397,144.66544359051483,0.12218147406746564,drought,41.03979147517237
1,Live,38,0.4103999646184979,0.13016682518743655,1.2889021951363397,178.945310038062,0.04472010144544019,drought,41.039921433904034
1,Live,39,0.4103999646184979,0.13016682518743655,1.2889021951363397,91.77158959468204,0.24785310458374046,normal,41.03958063297896
1,Live,40,0.4103999646184979,0.13016682518743655,1.2889021951363397,69.84677730875376,0.4684019778845288,normal,41.039210613046784
1,Live,41,0.4103999646184979,0.13016682518743655,1.2889021951363397,136.43174745813496,0.129068648773905,flood,41.0397799204005
1,Live,42,0.4103999646184979,0.13016682518743655,1.2889021951363397,171.1245496649965,0.10330085803732007,drought,41.039823151617405
1,Live,43,0.4103999646184979,0.13016682518743655,1.2889021951363397,148.84741242719946,0.18360580762888137,flood,41.039688422151066
1,Live,44,0.4103999646184979,0.13016682518743655,1.2889021951363397,120.05370020550124,0.36724716623532677,normal,41.039380322807645
1,Live,45,0.4103999646184979,0.13016682518743655,1.2889021951363397,148.01832323986872,0.32662807813454237,drought,41.03944847038872
1,Live,46,0.4103999646184979,0.13016682518743655,1.2889021951363397,110.39319231534031,0.17625827664353194,drought,41.03970074927329
1,Live,47,0.4103999646184979,0.13016682518743655,1.2889021951363397,87.29845008804284,0.10320236513599763,flood,41.03982331686122
1,Live,48,0.4103999646184979,0.13016682518743655,1.2889021951363397,71.02734456421618,0.09990913753574429,flood,41.03982884198513
1,Live,49,0.4103999646184979,0.13016682518743655,1.2889021951363397,87.47096718231506,0.4624001436452463,flood,41.039220682462535
1,Live,50,0.4103999646184979,0.13016682518743655,1.2889021951363397,171.20333670975538,0.42942377730950265,drought,41.03927600767301
1,Live,51,0.4103999646184979,0.13016682518743655,1.2889021951363397,57.58824942873218,0.49964840952223605,drought,41.03915819018766
1,Live,52,0.4103999646184979,0.13016682518743655,1.2889021951363397,195.3494385927127,0.4639198216739825,drought,41.03921813286365
1,Live,53,0.4103999646184979,0.13016682518743655,1.2889021951363397,74.9466665905871,0.24796415147085205,drought,41.03958044667304
1,Live,54,0.4103999646184979,0.13016682518743655,1.2889021951363397,179.69755910453233,0.45219700410016883,drought,41.039237800505106
1,Live,55,0.4103999646184979,0.13016682518743655,1.2889021951363397,106.8459678465374,0.4928013334520657,flood,41.03916967768512
1,Live,56,0.4103999646184979,0.13016682518743655,1.2889021951363397,188.9777110339,0.39471338482911955,flood,41.039334242099144
1,Live,57,0.4103999646184979,0.13016682518743655,1.2889021951363397,113.45112289852443,0.4790856440212399,normal,41.039192688813664
1,Live,58,0.4103999646184979,0.13016682518743655,1.2889021951363397,149.28069679261176,0.24846899171062145,drought,41.039579599690924
1,Live,59,0.4103999646184979,0.13016682518743655,1.2889021951363397,94.50617382418463,0.4846675888348878,normal,41.03918332385609
1,Live,60,0.4103999646184979,0.13016682518743655,1.2889021951363397,160.36057681835652,0.03986921002349275,flood,41.03992957235647
1,Live,61,0.4103999646184979,0.13016682518743655,1.2889021951363397,58.57479093612246,0.2962470212848959,normal,41.0394994413886
1,Live,62,0.4103999646184979,0.13016682518743655,1.2889021951363397,187.90806962481128,0.27025180628256523,drought,41.03954305416045
1,Live,63,0.4103999646184979,0.13016682518743655,1.2889021951363397,194.11683549116756,0.04925461796788757,drought,41.03991382624107
1,Live,64,0.4103999646184979,0.13016682518743655,1.2889021951363397,60.278199905568854,0.04330082305412105,drought,41.03992381506013
1,Live,65,0.4103999646184979,0.13016682518743655,1.2889021951363397,110.56633269774161,0.4713821023422538,normal,41.03920561322324
1,Live,66,0.4103999646184979,0.13016682518743655,1.2889021951363397,86.93230216829373,0.3013143852313862,normal,41.03949093975522
1,Live,67,0.4103999646184979,0.13016682518743655,1.2889021951363397,62.297510824231324,0.332112850591536,normal,41.039439268459454
1,Live,68,0.4103999646184979,0.13016682518743655,1.2889021951363397,128.41740732979383,0.46800606629084934,drought,41.0392112772768
1,Live,69,0.4103999646184979,0.13016682518743655,1.2889021951363397,150.4588962154744,0.1639500927698323,flood,41.03972139899729
1,Live,70,0.4103999646184979,0.13016682518743655,1.2889021951363397,109.36787701868818,0.33912820925038595,flood,41.0394274986304
1,Live,71,0.4103999646184979,0.13016682518743655,1.2889021951363397,118.5836858855678,0.46521898253570193,drought,41.039215953231505
1,Live,72,0.4103999646184979,0.13016682518743655,1.2889021951363397,51.39731853263696,0.3143680351916155,normal,41.03946903934557
1,Live,73,0.4103999646184979,0.13016682518743655,1.2889021951363397,199.41446717826418,0.04589775333882017,drought,41.039919458130285
1,Live,74,0.4103999646184979,0.13016682518743655,1.2889021951363397,125.88270410731481,0.07490371947956898,flood,41.03987079415181
1,Live,75,0.4103999646184979,0.13016682518743655,1.2889021951363397,182.12962605296593,0.440842418817426,flood,41.039256850354754
1,Live,76,0.4103999646184979,0.13016682518743655,1.2889021951363397,92.74810868249851,0.22471044077377783,normal,41.03961945995987
1,Live,77,0.4103999646184979,0.13016682518743655,1.2889021951363397,155.53098876310565,0.3097221052057156,normal,41.03947683392948
1,Live,78,0.4103999646184979,0.13016682518743655,1.2889021951363397,129.3411038903405,0.33725296981916597,normal,41.03943064476285
1,Live,79,0.4103999646184979,0.13016682518743655,1.2889021951363397,94.90681282999668,0.3350604703333779,drought,41.039434323169814
1,Live,80,0.4103999646184979,0.13016682518743655,1.2889021951363397,89.66988822306915,0.4459592264327975,normal,41.039248265768585
1,Live,81,0.4103999646184979,0.13016682518743655,1.2889021951363397,132.98354613272238,0.14345062403426,normal,41.03975579142885
1,Live,82,0.4103999646184979,0.13016682518743655,1.2889021951363397,81.59444822104146,0.17801134101869673,normal,41.03969780811675
1,Live,83,0.4103999646184979,0.13016682518743655,1.2889021951363397,145.13569383276194,0.1393521117989006,flood,41.03976266759737
1,Live,84,0.4103999646184979,0.13016682518743655,1.2889021951363397,87.66818781048411,0.45499793264710026,drought,41.03923310132267
1,Live,85,0.4103999646184979,0.13016682518743655,1.2889021951363397,63.844770156910016,0.2175521285562259,flood,41.039631469625405
1,Live,86,0.4103999646184979,0.13016682518743655,1.2889021951363397,56.6130142698575,0.1734427039164932,drought,41.039705473024604
1,Live,87,0.4103999646184979,0.13016682518743655,1.2889021951363397,145.56700659520695,0.1383580785928306,normal,41.03976433530981
1,Live,88,0.4103999646184979,0.13016682518743655,1.2889021951363397,116.27532677912758,0.3557770489123955,normal,41.039399566488065
1,Live,89,0.4103999646184979,0.13016682518743655,1.2889021951363397,51.450454941250996,0.046869491436145855,normal,41.03991782782287
1,Live,90,0.4103999646184979,0.13016682518743655,1.2889021951363397,185.58928573398398,0.27733924171070595,flood,41.039531163406544
1,Live,91,0.4103999646184979,0.13016682518743655,1.2889021951363397,137.3764349734691,0.0825659549280665,drought,41.03985793904265
1,Live,92,0.4103999646184979,0.13016682518743655,1.2889021951363397,56.27432872532867,0.18867924251035548,drought,41.03967991033234
1,Live,93,0.4103999646184979,0.13016682518743655,1.2889021951363397,184.83869547897118,0.11293750378647947,drought,41.039806983994545
1,Live,94,0.4103999646184979,0.13016682518743655,1.2889021951363397,150.04001159533146,0.183302530961163,normal,41.03968893096533
1,Live,95,0.4103999646184979,0.13016682518743655,1.2889021951363397,182.62020521765135,0.20912492101773725,normal,41.03964560814588
1,Live,96,0.4103999646184979,0.13016682518743655,1.2889021951363397,162.4216416715309,0.4636242730590827,drought,41.03921862871238
1,Live,97,0.4103999646184979,0.13016682518743655,1.2889021951363397,179.6908544329946,0.4883409561361718,drought,41.039177160963035
1,Live,98,0.4103999646184979,0.13016682518743655,1.2889021951363397,182.21243069949867,0.022145317330112477,normal,41.039959308140084
1,Live,99,0.4103999646184979,0.13016682518743655,1.2889021951363397,188.67309428623184,0.39336938311233954,flood,41.03933649696182
1,Live,100,0.4103999646184979,0.13016682518743655,1.2889021951363397,170.33527084057084,0.43339137390388693,drought,41.03926935114468
2,First,1,0.20672228383778882,0.3255810781974149,1.972860637626614,180.82501743591345,0.430710693155513,drought,20.669461816609115
2,First,2,0.20672228383778882,0.3255810781974149,1.972860637626614,79.93592450386278,0.4600414316024526,flood,20.669273417622644
2,First,3,0.20672228383778882,0.3255810781974149,1.972860637626614,95.77863010079008,0.3997192945849023,drought,20.669660882448884
2,First,4,0.20672228383778882,0.3255810781974149,1.972860637626614,83.43853208087134,0.3334162595468282,flood,20.670086764143736
2,First,5,0.20672228383778882,0.3255810781974149,1.972860637626614,99.23929267965597,0.4335329415948403,flood,20.669443688570965
2,First,6,0.20672228383778882,0.3255810781974149,1.972860637626614,102.67191936241284,0.2596087810087383,normal,20.670560848837365
2,First,7,0.20672228383778882,0.3255810781974149,1.972860637626614,197.17245307973903,0.2727457089145737,drought,20.670476466921535
2,First,8,0.20672228383778882,0.3255810781974149,1.972860637626614,67.30126277771414,0.48549629940089173,drought,20.6691099143647
2,First,9,0.20672228383778882,0.3255810781974149,1.972860637626614,137.08846006080617,0.49193978071271266,drought,20.669068526202903
2,First,10,0.20672228383778882,0.3255810781974149,1.972860637626614,66.26038208220666,0.22293624169667575,normal,20.670796406126527
2,First,11,0.20672228383778882,0.3255810781974149,1.972860637626614,167.9642267305523,0.2238330030965979,normal,20.670790645994057
2,First,12,0.20672228383778882,0.3255810781974149,1.972860637626614,67.34686760439956,0.4507573191264878,drought,20.66933305189963
2,First,13,0.20672228383778882,0.3255810781974149,1.972860637626614,88.20837592078729,0.3573047890787436,drought,20.669933321885193
2,First,14,0.20672228383778882,0.3255810781974149,1.972860637626614,127.98805228498782,0.4051903261530509,normal,20.669625740585534
2,First,15,0.20672228383778882,0.3255810781974149,1.972860637626614,157.91449987172683,0.3735555381413435,normal,20.66982893908357
2,First,16,0.20672228383778882,0.3255810781974149,1.972860637626614,79.55526936526016,0.22133572581624358,normal,20.670806686657656
2,First,17,0.20672228383778882,0.3255810781974149,1.972860637626614,188.11562843270605,0.3153461508737405,normal,20.670202833166872
2,First,18,0.20672228383778882,0.3255810781974149,1.972860637626614,177.2022919259503,0.3626795888768356,flood,20.669898798143613
2,First,19,0.20672228383778882,0.3255810781974149,1.972860637626614,126.06837560529037,0.3367775230118075,flood,20.67006517387143
2,First,20,0.20672228383778882,0.3255810781974149,1.972860637626614,110.3600580586587,0.15487104923771405,drought,20.6712336066183
2,First,21,0.20672228383778882,0.3255810781974149,1.972860637626614,78.77601394852212,0.335815422764258,flood,20.670071353692364
2,First,22,0.20672228383778882,0.3255810781974149,1.972860637626614,151.59769179090995,0.4523747174089655,normal,20.669322662928426
2,First,23,0.20672228383778882,0.3255810781974149,1.972860637626614,135.36578822987138,0.2089768326914998,drought,20.67088607105307
2,First,24,0.20672228383778882,0.3255810781974149,1.972860637626614,95.58124239025307,0.11298951559249452,normal,20.671502622637277
2,First,25,0.20672228383778882,0.3255810781974149,1.972860637626614,140.9992355719644,0.1679021225709037,flood,20.671149904634017
2,First,26,0.20672228383778882,0.3255810781974149,1.972860637626614,116.32396989572112,0.11471368648465913,flood,20.67149154783774
2,First,27,0.20672228383778882,0.3255810781974149,1.972860637626614,169.0603098659003,0.48031768180468776,normal,20.669143177976803
2,First,28,0.20672228383778882,0.3255810781974149,1.972860637626614,75.45370942970821,0.051549812995309655,normal,20.671897265878847
2,First,29,0.20672228383778882,0.3255810781974149,1.972860637626614,149.5780754457498,0.313437794627564,drought,20.670215091037
2,First,30,0.20672228383778882,0.3255810781974149,1.972860637626614,172.76351968049966,0.37805768739495876,normal,20.669800020604143
2,First,31,0.20672228383778882,0.3255810781974149,1.972860637626614,96.5629196442373,0.40521581834237025,drought,20.669625576842552
2,First,32,0.20672228383778882,0.3255810781974149,1.972860637626614,53.66380815902395,0.1299728465983916,flood,20.671393534270674
2,First,33,0.20672228383778882,0.3255810781974149,1.972860637626614,141.69109595910203,0.38655977611009645,flood,20.66974540946983
2,First,34,0.20672228383778882,0.3255810781974149,1.972860637626614,112.1661516496579,0.31858503656147974,drought,20.670182028958962
2,First,35,0.20672228383778882,0.3255810781974149,1.972860637626614,157.7518873248483,0.19814944902244816,flood,20.67095561816362
2,First,36,0.20672228383778882,0.3255810781974149,1.972860637626614,86.59766593676582,0.33146842544477423,drought,20.67009927559043
2,First,37,0.20672228383778882,0.3255810781974149,1.972860637626614,183.89897393170497,0.43161587705703547,drought,20.66945600237672
2,First,38,0.20672228383778882,0.3255810781974149,1.972860637626614,166.76306101509874,0.11723215703803651,normal,20.671475371044217
2,First,39,0.20672228383778882,0.3255810781974149,1.972860637626614,127.69366256656112,0.03460700871891405,drought,20.672006093931692
2,First,40,0.20672228383778882,0.3255810781974149,1.972860637626614,187.62050216831602,0.06946571360279835,drought,20.671782187374355
2,First,41,0.20672228383778882,0.3255810781974149,1.972860637626614,170.21249025833967,0.337113088967313,normal,20.670063018443734
2,First,42,0.20672228383778882,0.3255810781974149,1.972860637626614,139.31784777041295,0.4755194081371464,flood,20.66917399854061
2,First,43,0.20672228383778882,0.3255810781974149,1.972860637626614,141.89784841426444,0.3624442410252239,normal,20.669900309844277
2,First,44,0.20672228383778882,0.3255810781974149,1.972860637626614,114.01111352879833,0.4543588179234956,flood,20.6693099185331
2,First,45,0.20672228383778882,0.3255810781974149,1.972860637626614,184.58121548498931,0.3743911666581966,flood,20.66982357162356
2,First,46,0.20672228383778882,0.3255810781974149,1.972860637626614,117.51046358703621,0.3783706253852506,normal,20.669798010521774
2,First,47,0.20672228383778882,0.3255810781974149,1.972860637626614,91.59670296961107,0.39106066931364614,flood,20.669716499058342
2,First,48,0.20672228383778882,0.3255810781974149,1.972860637626614,144.0122655472672,0.14455274898959378,drought,20.671299883753207
2,First,49,0.20672228383778882,0.3255810781974149,1.972860637626614,157.03172939165847,0.1249018532271713,flood,20.6714261065843
2,First,50,0.20672228383778882,0.3255810781974149,1.972860637626614,97.95643526281435,0.2746745890340436,drought,20.670464077221215
2,First,51,0.20672228383778882,0.3255810781974149,1.972860637626614,72.62459870196298,0.1976872932913557,drought,20.670958586710476
2,First,52,0.20672228383778882,0.3255810781974149,1.972860637626614,155.96287125418283,0.04147213684980026,flood,20.67196199742235
2,First,53,0.20672228383778882,0.3255810781974149,1.972860637626614,99.63220865571253,0.23830290864206383,drought,20.67069770201503
2,First,54,0.20672228383778882,0.3255810781974149,1.972860637626614,81.02515842716153,0.21587032370897857,normal,20.670841792361507
2,First,55,0.20672228383778882,0.3255810781974149,1.972860637626614,191.90930503851507,0.019570658801486288,normal,20.672102676330724
2,First,56,0.20672228383778882,0.3255810781974149,1.972860637626614,107.05715433915674,0.012889080956156606,flood,20.672145593848686
2,First,57,0.20672228383778882,0.3255810781974149,1.972860637626614,94.79189785585751,0.20109345755122224,flood,20.670936708028645
2,First,58,0.20672228383778882,0.3255810781974149,1.972860637626614,130.73308514153473,0.3699706897706153,normal,20.66985196550007
2,First,59,0.20672228383778882,0.3255810781974149,1.972860637626614,184.67170210987928,0.24923244399962274,flood,20.670627498757526
2,First,60,0.20672228383778882,0.3255810781974149,1.972860637626614,115.37539640699549,0.024222161773890468,flood,20.67207279851339
2,First,61,0.20672228383778882,0.3255810781974149,1.972860637626614,150.3310430934376,0.40108973896589256,normal,20.669652079727026
2,First,62,0.20672228383778882,0.3255810781974149,1.972860637626614,74.75670968052633,0.23902117312383198,drought,20.670693088414843
2,First,63,0.20672228383778882,0.3255810781974149,1.972860637626614,197.10829662783848,0.2717205784709271,flood,20.67048305160187
2,First,64,0.20672228383778882,0.3255810781974149,1.972860637626614,138.78391634418665,0.334869880849719,drought,20.670077427154805
2,First,65,0.20672228383778882,0.3255810781974149,1.972860637626614,146.41244720140037,0.07649274874297647,flood,20.67173705089405
2,First,66,0.20672228383778882,0.3255810781974149,1.972860637626614,77.25935397701483,0.13747659382045932,flood,20.671345335744274
2,First,67,0.20672228383778882,0.3255810781974149,1.972860637626614,81.74904263172223,0.1701544443918412,flood,20.67113543738325
2,First,68,0.20672228383778882,0.3255810781974149,1.972860637626614,91.7384923458209,0.4760900187316753,flood,20.66917033335987
2,First,69,0.20672228383778882,0.3255810781974149,1.972860637626614,87.84072976735709,0.05013405405320485,drought,20.671906359667954
2,First,70,0.20672228383778882,0.3255810781974149,1.972860637626614,162.3536391624276,0.035521948039195186,flood,20.672000217037695
2,First,71,0.20672228383778882,0.3255810781974149,1.972860637626614,83.63332485796224,0.04362300152185702,normal,20.671948181857328
2,First,72,0.20672228383778882,0.3255810781974149,1.972860637626614,56.038720631114984,0.025204699451548938,drought,20.67206648741751
2,First,73,0.20672228383778882,0.3255810781974149,1.972860637626614,79.90410235437994,0.01998620848696285,drought,20.672100007146664
2,First,74,0.20672228383778882,0.3255810781974149,1.972860637626614,85.78174128333588,0.24204491986360274,drought,20.67067366610053
2,First,75,0.20672228383778882,0.3255810781974149,1.972860637626614,134.59543728950285,0.11680262504418677,normal,20.671478130040295
2,First,76,0.20672228383778882,0.3255810781974149,1.972860637626614,88.43655448432798,0.19075863541824128,normal,20.671003091287925
2,First,77,0.20672228383778882,0.3255810781974149,1.972860637626614,141.08712408363976,0.37648356945809003,drought,20.669810131574394
2,First,78,0.20672228383778882,0.3255810781974149,1.972860637626614,166.6687829263149,0.09024524698192758,flood,20.671648715009347
2,First,79,0.20672228383778882,0.3255810781974149,1.972860637626614,66.21481244864098,0.02258242849375835,flood,20.672083330948116
2,First,80,0.20672228383778882,0.3255810781974149,1.972860637626614,136.3695092618621,0.4549328140132478,flood,20.669306231606438
2,First,81,0.20672228383778882,0.3255810781974149,1.972860637626614,109.4981662274941,0.3603572054742395,drought,20.6699137154182
2,First,82,0.20672228383778882,0.3255810781974149,1.972860637626614,138.81467918747785,0.416980100552356,drought,20.6695500117882
2,First,83,0.20672228383778882,0.3255810781974149,1.972860637626614,65.28519581689648,0.38851563362609975,normal,20.669732846486653
2,First,84,0.20672228383778882,0.3255810781974149,1.972860637626614,140.06174222252662,0.06931698188298441,normal,20.671783142717
2,First,85,0.20672228383778882,0.3255810781974149,1.972860637626614,167.39530195415296,0.18012984500114002,flood,20.671071362782204
2,First,86,0.20672228383778882,0.3255810781974149,1.972860637626614,149.2282011031034,0.04378880089462386,normal,20.67194711688469
2,First,87,0.20672228383778882,0.3255810781974149,1.972860637626614,101.18467622919248,0.4262920572297929,flood,20.669490198660643
2,First,88,0.20672228383778882,0.3255810781974149,1.972860637626614,65.83083059659978,0.48078590793514353,normal,20.669140170438194
2,First,89,0.20672228383778882,0.3255810781974149,1.972860637626614,183.73625222076546,0.23527228032485567,drought,20.67071716853151
2,First,90,0.20672228383778882,0.3255810781974149,1.972860637626614,115.32307175115156,0.36955969896656204,normal,20.669854605401245
2,First,91,0.20672228383778882,0.3255810781974149,1.972860637626614,90.51235945811013,0.40601761721531043,normal,20.669620426679174
2,First,92,0.20672228383778882,0.3255810781974149,1.972860637626614,166.1962175557362,0.23778814810090884,normal,20.670701008456305
2,First,93,0.20672228383778882,0.3255810781974149,1.972860637626614,138.87119285955526,0.16792924566074793,drought,20.671149730415333
2,First,94,0.20672228383778882,0.3255810781974149,1.972860637626614,174.60965283359053,0.05246482004728045,flood,20.671891388549795
2,First,95,0.20672228383778882,0.3255810781974149,1.972860637626614,86.5795158786434,0.23770714863558356,normal,20.670701528737006
2,First,96,0.20672228383778882,0.3255810781974149,1.972860637626614,150.22827056682405,0.1748343437467739,flood,20.671105377168544
2,First,97,0.20672228383778882,0.3255810781974149,1.972860637626614,177.64292544686887,0.09910153000726897,drought,20.671591828792558
2,First,98,0.20672228383778882,0.3255810781974149,1.972860637626614,103.2237449264143,0.13659268034075225,flood,20.6713510133512
2,First,99,0.20672228383778882,0.3255810781974149,1.972860637626614,182.04799696373382,0.3535800376627788,flood,20.669957246935457
2,First,100,0.20672228383778882,0.3255810781974149,1.972860637626614,133.36865418793758,0.26314735334031775,drought,20.67053811966394
3,Explain,1,0.13424518478320852,0.30202613243646803,5.397200621639087,163.72469802236998,0.3483985763287963,normal,13.418839248354049
3,Explain,2,0.13424518478320852,0.30202613243646803,5.397200621639087,156.7763609709084,0.22960552929741967,drought,13.42077568862214
3,Explain,3,0.13424518478320852,0.30202613243646803,5.397200621639087,63.95800258320075,0.11858223623153977,normal,13.422585474470397
3,Explain,4,0.13424518478320852,0.30202613243646803,5.397200621639087,86.49577458151357,0.33534041058243985,flood,13.419052108943205
3,Explain,5,0.13424518478320852,0.30202613243646803,5.397200621639087,120.98907331392871,0.27015174626142624,flood,13.420114746511386
3,Explain,6,0.13424518478320852,0.30202613243646803,5.397200621639087,199.4947195938998,0.2796903516507725,flood,13.419959258121796
3,Explain,7,0.13424518478320852,0.30202613243646803,5.397200621639087,155.42824132786535,0.1427490492183362,flood,13.422191532308052
3,Explain,8,0.13424518478320852,0.30202613243646803,5.397200621639087,84.58070619477616,0.3634293223497741,flood,13.418594232820045
3,Explain,9,0.13424518478320852,0.30202613243646803,5.397200621639087,67.93321118825793,0.27257334303803743,normal,13.42007527216816
3,Explain,10,0.13424518478320852,0.30202613243646803,5.397200621639087,77.7724763656493,0.11602847354051678,flood,13.422627103244418
3,Explain,11,0.13424518478320852,0.30202613243646803,5.397200621639087,91.47494404530339,0.2988975839207875,normal,13.419646161867968
3,Explain,12,0.13424518478320852,0.30202613243646803,5.397200621639087,139.51861107684527,0.4904502089266314,drought,13.416523670899101
3,Explain,13,0.13424518478320852,0.30202613243646803,5.397200621639087,94.43696948977167,0.18683172388319935,flood,13.42147294255487
3,Explain,14,0.13424518478320852,0.30202613243646803,5.397200621639087,52.122255088409574,0.27172619374115503,flood,13.420089081511826
3,Explain,15,0.13424518478320852,0.30202613243646803,5.397200621639087,56.82735514748275,0.03671774991710401,flood,13.423919943884115
3,Explain,16,0.13424518478320852,0.30202613243646803,5.397200621639087,154.61260893652917,0.07187695154962036,flood,13.423346815274854
3,Explain,17,0.13424518478320852,0.30202613243646803,5.397200621639087,65.3881470181641,0.016010047653998903,flood,13.424257499233725
3,Explain,18,0.13424518478320852,0.30202613243646803,5.397200621639087,120.40954173957653,0.22582971108664504,drought,13.42083723806978
3,Explain,19,0.13424518478320852,0.30202613243646803,5.397200621639087,194.82464647074423,0.13371441134155657,flood,13.422338805545245
3,Explain,20,0.13424518478320852,0.30202613243646803,5.397200621639087,67.11307110873868,0.042018283205826915,flood,13.423833540122624
3,Explain,21,0.13424518478320852,0.30202613243646803,5.397200621639087,61.11232553834597,0.3184283964064792,drought,13.419327790947188
3,Explain,22,0.13424518478320852,0.30202613243646803,5.397200621639087,72.75905104264346,0.40745961737477326,flood,13.417876496905082
3,Explain,23,0.13424518478320852,0.30202613243646803,5.397200621639087,62.777136259434506,0.1316135680529569,normal,13.42237305129988
3,Explain,24,0.13424518478320852,0.30202613243646803,5.397200621639087,164.66651679892914,0.30709564910905174,normal,13.419512525565612
3,Explain,25,0.13424518478320852,0.30202613243646803,5.397200621639087,83.8530705597552,0.26606054221380676,flood,13.42018143704977
3,Explain,26,0.13424518478320852,0.30202613243646803,5.397200621639087,186.27565664357058,0.1557030349335198,normal,13.421980369953033
3,Explain,27,0.13424518478320852,0.30202613243646803,5.397200621639087,198.50468907001968,0.1596363197164866,normal,13.42191625364968
3,Explain,28,0.13424518478320852,0.30202613243646803,5.397200621639087,59.034545655881125,0.4804533009428066,drought,13.416686630059255
3,Explain,29,0.13424518478320852,0.30202613243646803,5.397200621639087,192.1385300488067,0.11181607385354014,drought,13.422695769387621
3,Explain,30,0.13424518478320852,0.30202613243646803,5.397200621639087,89.69691879350111,0.04978185807882231,drought,13.423706986427907
3,Explain,31,0.13424518478320852,0.30202613243646803,5.397200621639087,76.07203224896517,0.046781785761572284,drought,13.42375589047564
3,Explain,32,0.13424518478320852,0.30202613243646803,5.397200621639087,111.277635899004,0.34779185653453676,flood,13.4188491384669
3,Explain,33,0.13424518478320852,0.30202613243646803,5.397200621639087,93.68889335465414,0.12342335493245266,normal,13.422506559606022
3,Explain,34,0.13424518478320852,0.30202613243646803,5.397200621639087,92.40775596684315,0.431207298356856,drought,13.417489386995229
3,Explain,35,0.13424518478320852,0.30202613243646803,5.397200621639087,153.10773801068643,0.46271641179644885,normal,13.41697575831408
3,Explain,36,0.13424518478320852,0.30202613243646803,5.397200621639087,138.46843838078865,0.40391378333790257,drought,13.417934297390754
3,Explain,37,0.13424518478320852,0.30202613243646803,5.397200621639087,113.77084491563176,0.27683556556818356,normal,13.420005793864966
3,Explain,38,0.13424518478320852,0.30202613243646803,5.397200621639087,72.34841016129938,0.1401599111039137,drought,13.422233737735304
3,Explain,39,0.13424518478320852,0.30202613243646803,5.397200621639087,60.71147552837212,0.09130216671815508,flood,13.423030165691324
3,Explain,40,0.13424518478320852,0.30202613243646803,5.397200621639087,139.25660559791072,0.4138777476468045,flood,13.417771875244005
3,Explain,41,0.13424518478320852,0.30202613243646803,5.397200621639087,115.87301730106061,0.23966200543531932,flood,13.42061175844411
3,Explain,42,0.13424518478320852,0.30202613243646803,5.397200621639087,154.96005274635758,0.47191135796458,normal,13.416825871898437
3,Explain,43,0.13424518478320852,0.30202613243646803,5.397200621639087,130.9972343897021,0.224501843150083,normal,13.420858883586982
3,Explain,44,0.13424518478320852,0.30202613243646803,5.397200621639087,55.97911762754196,0.22169404543877858,flood,13.420904653374766
3,Explain,45,0.13424518478320852,0.30202613243646803,5.397200621639087,140.5570461418866,0.022673797270284367,drought,13.424148873742453
3,Explain,46,0.13424518478320852,0.30202613243646803,5.397200621639087,194.2866653289255,0.4196197208140288,normal,13.417678275590347
3,Explain,47,0.13424518478320852,0.30202613243646803,5.397200621639087,138.0684397564675,0.020165273545611512,normal,13.424189765078061
3,Explain,48,0.13424518478320852,0.30202613243646803,5.397200621639087,173.21318678875753,0.29236102245534595,drought,13.419752714070752
3,Explain,49,0.13424518478320852,0.30202613243646803,5.397200621639087,120.57512348774503,0.3292396498225063,flood,13.419151557177733
3,Explain,50,0.13424518478320852,0.30202613243646803,5.397200621639087,77.22337208346889,0.29681151638614867,normal,13.419680166763685
3,Explain,51,0.13424518478320852,0.30202613243646803,5.397200621639087,172.13674168109048,0.4848370656721948,flood,13.416615170501982
3,Explain,52,0.13424518478320852,0.30202613243646803,5.397200621639087,102.19415844419757,0.1733211128958951,normal,13.421693178434124
3,Explain,53,0.13424518478320852,0.30202613243646803,5.397200621639087,65.68998268738362,0.08880417780282938,flood,13.423070885299465
3,Explain,54,0.13424518478320852,0.30202613243646803,5.397200621639087,154.05105109751486,0.15122671972711332,flood,13.422053338171585
3,Explain,55,0.13424518478320852,0.30202613243646803,5.397200621639087,172.0349052106959,0.27954733839617363,flood,13.419961589374608
3,Explain,56,0.13424518478320852,0.30202613243646803,5.397200621639087,63.208968916368285,0.13367543696168177,drought,13.422339440864908
3,Explain,57,0.13424518478320852,0.30202613243646803,5.397200621639087,195.52770902128657,0.20804577793036536,normal,13.421127133186957
3,Explain,58,0.13424518478320852,0.30202613243646803,5.397200621639087,173.73908049030513,0.010564023049574989,normal,13.424346274642797
3,Explain,59,0.13424518478320852,0.30202613243646803,5.397200621639087,119.2964517473216,0.03656000183459702,normal,13.423922515328714
3,Explain,60,0.13424518478320852,0.30202613243646803,5.397200621639087,104.26690387275129,0.3806571454872311,normal,13.418313402827982
3,Explain,61,0.13424518478320852,0.30202613243646803,5.397200621639087,116.30614335833921,0.0352897698413099,flood,13.423943221324924
3,Explain,62,0.13424518478320852,0.30202613243646803,5.397200621639087,132.38294586279974,0.46455965281377937,flood,13.416945711722812
3,Explain,63,0.13424518478320852,0.30202613243646803,5.397200621639087,182.12699260367083,0.24750878050549907,drought,13.420483848506615
3,Explain,64,0.13424518478320852,0.30202613243646803,5.397200621639087,195.97202237325416,0.3083471168701628,drought,13.41949212544433
3,Explain,65,0.13424518478320852,0.30202613243646803,5.397200621639087,156.46742376503886,0.16226756781273421,drought,13.421873361789455
3,Explain,66,0.13424518478320852,0.30202613243646803,5.397200621639087,132.83771135805995,0.05567250862794605,drought,13.423610963190743
3,Explain,67,0.13424518478320852,0.30202613243646803,5.397200621639087,119.21718412681751,0.0675584130538832,drought,13.42341721158214
3,Explain,68,0.13424518478320852,0.30202613243646803,5.397200621639087,124.7563257060793,0.3611356297359776,normal,13.418631622203101
3,Explain,69,0.13424518478320852,0.30202613243646803,5.397200621639087,155.81174448887805,0.21359026803832298,flood,13.421036752696015
3,Explain,70,0.13424518478320852,0.30202613243646803,5.397200621639087,197.0366948905063,0.1294281439768178,normal,13.422408675802236
3,Explain,71,0.13424518478320852,0.30202613243646803,5.397200621639087,71.69629527284131,0.10339908176448487,normal,13.422832974407822
3,Explain,72,0.13424518478320852,0.30202613243646803,5.397200621639087,126.2361337389341,0.4408698650217733,drought,13.417331877918304
3,Explain,73,0.13424518478320852,0.30202613243646803,5.397200621639087,91.43711042330614,0.39710302918152557,flood,13.41804531919661
3,Explain,74,0.13424518478320852,0.30202613243646803,5.397200621639087,100.98128646714433,0.39598152882450416,flood,13.418063600724917
3,Explain,75,0.13424518478320852,0.30202613243646803,5.397200621639087,173.08242097783676,0.14859110180858506,flood,13.422096301264093
3,Explain,76,0.13424518478320852,0.30202613243646803,5.397200621639087,175.6213883909632,0.294162458102868,normal,13.41972334894699
3,Explain,77,0.13424518478320852,0.30202613243646803,5.397200621639087,123.44605199835514,0.08281175500756666,normal,13.423168567521564
3,Explain,78,0.13424518478320852,0.30202613243646803,5.397200621639087,122.65120783275805,0.17289557829826718,normal,13.421700115055003
3,Explain,79,0.13424518478320852,0.30202613243646803,5.397200621639087,106.58150813208289,0.4670976053004779,drought,13.416904340670241
3,Explain,80,0.13424518478320852,0.30202613243646803,5.397200621639087,197.11619469988915,0.12701471664146216,flood,13.422448016975757
3,Explain,81,0.13424518478320852,0.30202613243646803,5.397200621639087,85.03436690868396,0.3900167927986368,drought,13.4181608316262
3,Explain,82,0.13424518478320852,0.30202613243646803,5.397200621639087,97.72644908506999,0.24175836261780304,flood,13.420577585817295
3,Explain,83,0.13424518478320852,0.30202613243646803,5.397200621639087,107.91181287364735,0.33520752644742197,normal,13.419054275081683
3,Explain,84,0.13424518478320852,0.30202613243646803,5.397200621639087,197.12272079896775,0.2527110383120475,drought,13.420399046729464
3,Explain,85,0.13424518478320852,0.30202613243646803,5.397200621639087,68.9369404714083,0.48302325918665834,flood,13.416644737282235
3,Explain,86,0.13424518478320852,0.30202613243646803,5.397200621639087,180.4550470043323,0.4383532832866111,flood,13.417372900607187
3,Explain,87,0.13424518478320852,0.30202613243646803,5.397200621639087,64.95675466129676,0.45611642207126885,drought,13.417083344458154
3,Explain,88,0.13424518478320852,0.30202613243646803,5.397200621639087,158.3665741355964,0.21088952367571856,normal,13.42108077741184
3,Explain,89,0.13424518478320852,0.30202613243646803,5.397200621639087,195.49351910616593,0.046665841639417324,flood,13.423757780475707
3,Explain,90,0.13424518478320852,0.30202613243646803,5.397200621639087,100.78418510771476,0.3494252533075722,normal,13.418822512537487
3,Explain,91,0.13424518478320852,0.30202613243646803,5.397200621639087,62.04729808691735,0.17099713860189356,normal,13.421731061437526
3,Explain,92,0.13424518478320852,0.30202613243646803,5.397200621639087,178.90132762524,0.196204604786101,flood,13.421320155632891
3,Explain,93,0.13424518478320852,0.30202613243646803,5.397200621639087,144.01987685119815,0.4448449546255684,flood,13.417267080156394
3,Explain,94,0.13424518478320852,0.30202613243646803,5.397200621639087,180.85745260978044,0.02759055892046642,drought,13.42406872582567
3,Explain,95,0.13424518478320852,0.30202613243646803,5.397200621639087,85.21553646530323,0.34535579145889916,flood,13.418888848657236
3,Explain,96,0.13424518478320852,0.30202613243646803,5.397200621639087,199.6138884434323,0.3759155197015842,flood,13.418390695862692
3,Explain,97,0.13424518478320852,0.30202613243646803,5.397200621639087,196.75065923308185,0.38258114956719,normal,13.418282039721559
3,Explain,98,0.13424518478320852,0.30202613243646803,5.397200621639087,180.8868848910636,0.22740249031423584,normal,13.420811600264326
3,Explain,99,0.13424518478320852,0.30202613243646803,5.397200621639087,94.9199120366097,0.02418415220480837,flood,13.424124253512673
3,Explain,100,0.13424518478320852,0.30202613243646803,5.397200621639087,169.42151977433178,0.15375021022295232,flood,13.422012202863296
4,Sister,1,0.27227471514216006,0.13546910126438894,4.708465740780179,152.27005570290925,0.09822787421414243,drought,27.22684496612684
4,Sister,2,0.27227471514216006,0.13546910126438894,4.708465740780179,61.845252598999195,0.43671140333597885,normal,27.22468594344533
4,Sister,3,0.27227471514216006,0.13546910126438894,4.708465740780179,152.47018699440707,0.25385695366029604,normal,27.225852283518922
4,Sister,4,0.27227471514216006,0.13546910126438894,4.708465740780179,71.46765801927646,0.23596345754394882,flood,27.225966417474176
4,Sister,5,0.27227471514216006,0.13546910126438894,4.708465740780179,118.93557487650965,0.33675195146057557,flood,27.225323536430697
4,Sister,6,0.27227471514216006,0.13546910126438894,4.708465740780179,185.18141353983245,0.3420293339925489,drought,27.225289874560605
4,Sister,7,0.27227471514216006,0.13546910126438894,4.708465740780179,61.079285042430946,0.4731654611179765,normal,27.224453420646398
4,Sister,8,0.27227471514216006,0.13546910126438894,4.708465740780179,94.87313736856584,0.48139424568348654,normal,27.224400933210557
4,Sister,9,0.27227471514216006,0.13546910126438894,4.708465740780179,87.51473366115519,0.42419892331987336,drought,27.224765754502094
4,Sister,10,0.27227471514216006,0.13546910126438894,4.708465740780179,199.9060348250269,0.42813437474349103,drought,27.224740652161348
4,Sister,11,0.27227471514216006,0.13546910126438894,4.708465740780179,85.5808552891362,0.29024211925186205,normal,27.22562020014994
4,Sister,12,0.27227471514216006,0.13546910126438894,4.708465740780179,94.38085853236768,0.35264674897985954,drought,27.22522215120687
4,Sister,13,0.27227471514216006,0.13546910126438894,4.708465740780179,196.6916726865294,0.33253260980505356,flood,27.225350449569895
4,Sister,14,0.27227471514216006,0.13546910126438894,4.708465740780179,51.21469486422354,0.43388302487166036,normal,27.224703984303247
4,Sister,15,0.27227471514216006,0.13546910126438894,4.708465740780179,196.04042252418873,0.45620230732216815,normal,27.224561620398067
4,Sister,16,0.27227471514216006,0.13546910126438894,4.708465740780179,124.50909297858055,0.45303609253792543,flood,27.22458181615043
4,Sister,17,0.27227471514216006,0.13546910126438894,4.708465740780179,166.36114694050713,0.12275801157550398,flood,27.226688500247747
4,Sister,18,0.27227471514216006,0.13546910126438894,4.708465740780179,82.85068083921581,0.10316467474577326,flood,27.226813476664564
4,Sister,19,0.27227471514216006,0.13546910126438894,4.708465740780179,151.66466879350392,0.3632549045686474,normal,27.225154486914356
4,Sister,20,0.27227471514216006,0.13546910126438894,4.708465740780179,152.1282641273034,0.07702182686210846,drought,27.22698022924389
4,Sister,21,0.27227471514216006,0.13546910126438894,4.708465740780179,185.51055561094518,0.3267068983563562,flood,27.225387608964876
4,Sister,22,0.27227471514216006,0.13546910126438894,4.708465740780179,168.2915726015231,0.026348620310359894,flood,27.22730344911392
4,Sister,23,0.27227471514216006,0.13546910126438894,4.708465740780179,159.85396519088573,0.05416535411564728,flood,27.227126019626088
4,Sister,24,0.27227471514216006,0.13546910126438894,4.708465740780179,99.00786885710156,0.21359651577520095,drought,27.22610908537509
4,Sister,25,0.27227471514216006,0.13546910126438894,4.708465740780179,69.82396966201753,0.2743098019023663,flood,27.225721824694617
4,Sister,26,0.27227471514216006,0.13546910126438894,4.708465740780179,129.62785605541774,0.4576086174960315,drought,27.22455265022581
4,Sister,27,0.27227471514216006,0.13546910126438894,4.708465740780179,88.54551268448935,0.4140980081457796,flood,27.224830183353394
4,Sister,28,0.27227471514216006,0.13546910126438894,4.708465740780179,195.10761142502184,0.154619310094521,flood,27.226485272438275
4,Sister,29,0.27227471514216006,0.13546910126438894,4.708465740780179,170.6348807906766,0.2394823805378207,drought,27.22594397196677
4,Sister,30,0.27227471514216006,0.13546910126438894,4.708465740780179,71.1135522508824,0.48358510263674853,normal,27.22438695879394
4,Sister,31,0.27227471514216006,0.13546910126438894,4.708465740780179,158.63250681132774,0.4901716989631327,normal,27.22434494608242
4,Sister,32,0.27227471514216006,0.13546910126438894,4.708465740780179,104.86625741083495,0.3974341646085794,drought,27.224936473949725
4,Sister,33,0.27227471514216006,0.13546910126438894,4.708465740780179,89.66878675286358,0.07055848101411125,flood,27.22702145580023
4,Sister,34,0.27227471514216006,0.13546910126438894,4.708465740780179,150.92425728106303,0.33944699070199646,normal,27.225306346079176
4,Sister,35,0.27227471514216006,0.13546910126438894,4.708465740780179,107.1538248908713,0.3228891412224101,flood,27.22541196059069
4,Sister,36,0.27227471514216006,0.13546910126438894,4.708465740780179,66.25191532988461,0.12457273208367574,drought,27.226676925023543
4,Sister,37,0.27227471514216006,0.13546910126438894,4.708465740780179,142.93203005667942,0.47215287666834604,flood,27.224459879432736
4,Sister,38,0.27227471514216006,0.13546910126438894,4.708465740780179,187.28838631147391,0.1184699280362551,drought,27.226715851858163
4,Sister,39,0.27227471514216006,0.13546910126438894,4.708465740780179,145.31058835669086,0.2374910927981134,normal,27.225956673427923
4,Sister,40,0.27227471514216006,0.13546910126438894,4.708465740780179,95.32852617938754,0.21006496933975224,drought,27.22613161140132
4,Sister,41,0.27227471514216006,0.13546910126438894,4.708465740780179,56.80202165200732,0.02823394283010544,flood,27.22729142355364
4,Sister,42,0.27227471514216006,0.13546910126438894,4.708465740780179,67.41807210876642,0.12505201589135126,normal,27.226673867904
4,Sister,43,0.27227471514216006,0.13546910126438894,4.708465740780179,70.34960730595049,0.23228544087555736,normal,27.22598987776316
4,Sister,44,0.27227471514216006,0.13546910126438894,4.708465740780179,192.4071152617858,0.35127715590244013,normal,27.225230887178533
4,Sister,45,0.27227471514216006,0.13546910126438894,4.708465740780179,112.86901301220843,0.37371181723500474,drought,27.22508778732728
4,Sister,46,0.27227471514216006,0.13546910126438894,4.708465740780179,182.8120675849369,0.33091172977179734,flood,27.225360788379483
4,Sister,47,0.27227471514216006,0.13546910126438894,4.708465740780179,142.34783210767347,0.4701360021996911,flood,27.224472744099252
4,Sister,48,0.27227471514216006,0.13546910126438894,4.708465740780179,54.907443028257035,0.19155967977987334,flood,27.226249647690977
4,Sister,49,0.27227471514216006,0.13546910126438894,4.708465740780179,116.70437896686252,0.1256951927331879,flood,27.22666976539008
4,Sister,50,0.27227471514216006,0.13546910126438894,4.708465740780179,64.90319369091955,0.3459833300858298,normal,27.22526465393238
4,Sister,51,0.27227471514216006,0.13546910126438894,4.708465740780179,185.25443186369822,0.3259651367794736,drought,27.22539234030313
4,Sister,52,0.27227471514216006,0.13546910126438894,4.708465740780179,109.72094641165596,0.10300619545892897,drought,27.226814487527268
4,Sister,53,0.27227471514216006,0.13546910126438894,4.708465740780179,192.35161823932063,0.41385363014647,drought,27.224831742122426
4,Sister,54,0.27227471514216006,0.13546910126438894,4.708465740780179,149.4153107092967,0.32443518894427664,normal,27.225402099100215
4,Sister,55,0.27227471514216006,0.13546910126438894,4.708465740780179,195.66399680974794,0.034783470224807767,flood,27.227249647286907
4,Sister,56,0.27227471514216006,0.13546910126438894,4.708465740780179,86.53533457460355,0.07170270380094101,normal,27.227014157356624
4,Sister,57,0.27227471514216006,0.13546910126438894,4.708465740780179,80.78083627143147,0.41661074023639494,normal,27.224814155850993
4,Sister,58,0.27227471514216006,0.13546910126438894,4.708465740780179,81.07360555199878,0.11581616244015062,drought,27.226732778945067
4,Sister,59,0.27227471514216006,0.13546910126438894,4.708465740780179,99.28393301483456,0.08230154817130741,normal,27.226946552455868
4,Sister,60,0.27227471514216006,0.13546910126438894,4.708465740780179,50.42533272200245,0.4306190019262864,drought,27.224724803926556
4,Sister,61,0.27227471514216006,0.13546910126438894,4.708465740780179,198.12909565492583,0.2747055738629442,drought,27.225719300256745
4,Sister,62,0.27227471514216006,0.13546910126438894,4.708465740780179,66.48895218341534,0.4345594653683325,drought,27.224699669616566
4,Sister,63,0.27227471514216006,0.13546910126438894,4.708465740780179,52.22904908460633,0.3970924854750294,drought,27.22493865335562
4,Sister,64,0.27227471514216006,0.13546910126438894,4.708465740780179,138.32793830756634,0.017732730920468523,flood,27.227358405704162
4,Sister,65,0.27227471514216006,0.13546910126438894,4.708465740780179,57.85985267917648,0.37344184790753326,normal,27.225089509331013
4,Sister,66,0.27227471514216006,0.13546910126438894,4.708465740780179,67.047396017982,0.04114343869209675,flood,27.227209080124865
4,Sister,67,0.27227471514216006,0.13546910126438894,4.708465740780179,166.70255589713042,0.2614865992285039,drought,27.225803617700894
4,Sister,68,0.27227471514216006,0.13546910126438894,4.708465740780179,117.80081298631283,0.11855938064495965,normal,27.226715281283248
4,Sister,69,0.27227471514216006,0.13546910126438894,4.708465740780179,56.504755534875756,0.393781228030386,normal,27.224959774264946
4,Sister,70,0.27227471514216006,0.13546910126438894,4.708465740780179,128.2176822069626,0.2344408358278642,drought,27.22597612954149
4,Sister,71,0.27227471514216006,0.13546910126438894,4.708465740780179,59.12381112417587,0.24470113638919802,flood,27.225910684047914
4,Sister,72,0.27227471514216006,0.13546910126438894,4.708465740780179,113.94104289199876,0.06290129654282131,normal,27.2270702972756
4,Sister,73,0.27227471514216006,0.13546910126438894,4.708465740780179,186.45512436728438,0.046010450725560745,drought,27.227178035809654
4,Sister,74,0.27227471514216006,0.13546910126438894,4.708465740780179,98.31677296194891,0.08268357457357864,drought,27.226944115694266
4,Sister,75,0.27227471514216006,0.13546910126438894,4.708465740780179,91.25239993369297,0.32020759490749756,normal,27.22542906487736
4,Sister,76,0.27227471514216006,0.13546910126438894,4.708465740780179,156.82291946394605,0.1966431554210752,normal,27.226217222659134
4,Sister,77,0.27227471514216006,0.13546910126438894,4.708465740780179,129.5835256146987,0.2323205546119811,normal,27.22598965378962
4,Sister,78,0.27227471514216006,0.13546910126438894,4.708465740780179,114.5298988735435,0.3986170856198066,drought,27.224928928668863
4,Sister,79,0.27227471514216006,0.13546910126438894,4.708465740780179,177.91891059433624,0.32894916579183964,normal,27.225373306625666
4,Sister,80,0.27227471514216006,0.13546910126438894,4.708465740780179,158.12598749863986,0.11536130250047348,flood,27.226735680276573
4,Sister,81,0.27227471514216006,0.13546910126438894,4.708465740780179,183.21365329827395,0.2127686498766876,flood,27.226114365931153
4,Sister,82,0.27227471514216006,0.13546910126438894,4.708465740780179,109.80952763854299,0.36751012874090716,flood,27.225127344897945
4,Sister,83,0.27227471514216006,0.13546910126438894,4.708465740780179,114.0146009391437,0.33590285289955135,flood,27.225328952419645
4,Sister,84,0.27227471514216006,0.13546910126438894,4.708465740780179,193.03887764286873,0.3465423073788186,flood,27.22526108848665
4,Sister,85,0.27227471514216006,0.13546910126438894,4.708465740780179,60.06999622049716,0.41756822535267873,drought,27.224808048516646
4,Sister,86,0.27227471514216006,0.13546910126438894,4.708465740780179,114.78147778276104,0.3748485949040207,flood,27.225080536372477
4,Sister,87,0.27227471514216006,0.13546910126438894,4.708465740780179,171.76539279160886,0.28262166045152154,normal,27.22566880737002
4,Sister,88,0.27227471514216006,0.13546910126438894,4.708465740780179,193.49369357703597,0.2852248569691668,normal,27.225652202838802
4,Sister,89,0.27227471514216006,0.13546910126438894,4.708465740780179,68.3346928031839,0.18326305902054615,normal,27.226302567821083
4,Sister,90,0.27227471514216006,0.13546910126438894,4.708465740780179,191.16948032783446,0.21723905932430287,normal,27.22608585135197
4,Sister,91,0.27227471514216006,0.13546910126438894,4.708465740780179,57.71691199585641,0.15093840974719036,flood,27.226508751120853
4,Sister,92,0.27227471514216006,0.13546910126438894,4.708465740780179,102.74692785397235,0.2931800740110289,drought,27.22560146035785
4,Sister,93,0.27227471514216006,0.13546910126438894,4.708465740780179,73.20952637873921,0.24627280414015043,drought,27.22590065913967
4,Sister,94,0.27227471514216006,0.13546910126438894,4.708465740780179,102.51709913317868,0.28257008329112016,drought,27.225669136355776
4,Sister,95,0.27227471514216006,0.13546910126438894,4.708465740780179,164.39084479052747,0.2913090021224167,flood,27.225613395020243
4,Sister,96,0.27227471514216006,0.13546910126438894,4.708465740780179,176.7732741992537,0.487527835041597,normal,27.224361810011334
4,Sister,97,0.27227471514216006,0.13546910126438894,4.708465740780179,142.03599208031972,0.3249225902766174,drought,27.225398990202912
4,Sister,98,0.27227471514216006,0.13546910126438894,4.708465740780179,141.34923733295977,0.3323373017194553,normal,27.225351695345687
4,Sister,99,0.27227471514216006,0.13546910126438894,4.708465740780179,90.11715877311659,0.09840387526081865,normal,27.22684384350131
4,Sister,100,0.27227471514216006,0.13546910126438894,4.708465740780179,164.36142769714968,0.4615533853062546,flood,27.22452748846034
5,Arrive,1,0.10244231576146348,0.35445194728775337,6.096889852852386,110.11765159992734,0.07951858053412163,normal,10.242513136298692
5,Arrive,2,0.10244231576146348,0.35445194728775337,6.096889852852386,195.77154781370285,0.054961264696678204,normal,10.243043833272948
5,Arrive,3,0.10244231576146348,0.35445194728775337,6.096889852852386,82.26993200502665,0.21571792194460654,flood,10.2395697943284
5,Arrive,4,0.10244231576146348,0.35445194728775337,6.096889852852386,73.6113913767633,0.16270231115506603,flood,10.24071549056086
5,Arrive,5,0.10244231576146348,0.35445194728775337,6.096889852852386,166.52534299501116,0.28812084274105465,drought,10.238005127764339
5,Arrive,6,0.10244231576146348,0.35445194728775337,6.096889852852386,182.5013276777515,0.08623415266819928,normal,10.242368009126182
5,Arrive,7,0.10244231576146348,0.35445194728775337,6.096889852852386,57.464373864943575,0.04997494849063745,flood,10.243151590282743
5,Arrive,8,0.10244231576146348,0.35445194728775337,6.096889852852386,149.2908039212392,0.24797423539658817,flood,10.238872717821224
5,Arrive,9,0.10244231576146348,0.35445194728775337,6.096889852852386,112.1275606824087,0.11562879301549595,normal,10.241732774933858
5,Arrive,10,0.10244231576146348,0.35445194728775337,6.096889852852386,67.07262621653027,0.22065768036496627,flood,10.239463043457718
5,Arrive,11,0.10244231576146348,0.35445194728775337,6.096889852852386,151.73268394003014,0.30063578269220925,normal,10.237734673093762
5,Arrive,12,0.10244231576146348,0.35445194728775337,6.096889852852386,150.06988381045244,0.03225450767616949,flood,10.24353453866297
5,Arrive,13,0.10244231576146348,0.35445194728775337,6.096889852852386,197.66684874816792,0.036843159673859684,drought,10.243435375393368
5,Arrive,14,0.10244231576146348,0.35445194728775337,6.096889852852386,95.21290430276551,0.11350464981795301,drought,10.241778678825606
5,Arrive,15,0.10244231576146348,0.35445194728775337,6.096889852852386,164.62413436418717,0.15182909429654443,drought,10.240950466700982
5,Arrive,16,0.10244231576146348,0.35445194728775337,6.096889852852386,51.15948598539679,0.37603692048058623,drought,10.236105213427056
5,Arrive,17,0.10244231576146348,0.35445194728775337,6.096889852852386,69.37785526388224,0.27096535045503767,drought,10.23837586729908
5,Arrive,18,0.10244231576146348,0.35445194728775337,6.096889852852386,125.03935198343197,0.41834355918574034,flood,10.235190943915667
5,Arrive,19,0.10244231576146348,0.35445194728775337,6.096889852852386,60.81132448882367,0.4322645373910684,drought,10.234890103992397
5,Arrive,20,0.10244231576146348,0.35445194728775337,6.096889852852386,115.43293932684682,0.23527958267457477,drought,10.239147056182686
5,Arrive,21,0.10244231576146348,0.35445194728775337,6.096889852852386,179.31650204180997,0.2921219887610472,normal,10.237918660818993
5,Arrive,22,0.10244231576146348,0.35445194728775337,6.096889852852386,110.66343267578515,0.32366941783331366,flood,10.237236903689467
5,Arrive,23,0.10244231576146348,0.35445194728775337,6.096889852852386,67.27600589956974,0.020219713922126917,flood,10.24379461711264
5,Arrive,24,0.10244231576146348,0.35445194728775337,6.096889852852386,75.78097708671035,0.47433101157010626,flood,10.23398102456726
5,Arrive,25,0.10244231576146348,0.35445194728775337,6.096889852852386,174.80388696075607,0.4606871783532785,drought,10.234275875236339
5,Arrive,26,0.10244231576146348,0.35445194728775337,6.096889852852386,115.50676693523417,0.06187293536383712,flood,10.2428944683043
5,Arrive,27,0.10244231576146348,0.35445194728775337,6.096889852852386,138.3306932454368,0.2667416460703095,flood,10.238467143851938
5,Arrive,28,0.10244231576146348,0.35445194728775337,6.096889852852386,180.57866242931175,0.37544436496765543,drought,10.236118018874519
5,Arrive,29,0.10244231576146348,0.35445194728775337,6.096889852852386,99.96029337396979,0.09238502694238641,normal,10.242235085382074
5,Arrive,30,0.10244231576146348,0.35445194728775337,6.096889852852386,144.98370004522798,0.2699963621785976,drought,10.238396807663646
5,Arrive,31,0.10244231576146348,0.35445194728775337,6.096889852852386,185.88840973700758,0.18119388008146634,normal,10.240315877682017
5,Arrive,32,0.10244231576146348,0.35445194728775337,6.096889852852386,193.73350234957255,0.3262670583230863,drought,10.23718076726327
5,Arrive,33,0.10244231576146348,0.35445194728775337,6.096889852852386,85.44032734200864,0.08175766695607024,drought,10.242464748421243
5,Arrive,34,0.10244231576146348,0.35445194728775337,6.096889852852386,76.02485336631422,0.08490619661290562,normal,10.242396706980017
5,Arrive,35,0.10244231576146348,0.35445194728775337,6.096889852852386,61.30299103686153,0.4761331488839951,normal,10.23394207939809
5,Arrive,36,0.10244231576146348,0.35445194728775337,6.096889852852386,124.1175537526083,0.37967845437102304,normal,10.236026517895748
5,Arrive,37,0.10244231576146348,0.35445194728775337,6.096889852852386,117.33578854925945,0.46283558660897306,normal,10.234229446963464
5,Arrive,38,0.10244231576146348,0.35445194728775337,6.096889852852386,146.4487746007349,0.49340065439057107,flood,10.233568919196628
5,Arrive,39,0.10244231576146348,0.35445194728775337,6.096889852852386,179.63703122471242,0.3173365293808882,drought,10.237373760859128
5,Arrive,40,0.10244231576146348,0.35445194728775337,6.096889852852386,115.9644224512796,0.2397713309279229,normal,10.239049987055793
5,Arrive,41,0.10244231576146348,0.35445194728775337,6.096889852852386,95.42306527085194,0.14459009706821802,drought,10.241106905374945
5,Arrive,42,0.10244231576146348,0.35445194728775337,6.096889852852386,102.79133339301148,0.04635342152491097,flood,10.243229853453506
5,Arrive,43,0.10244231576146348,0.35445194728775337,6.096889852852386,117.78707955510234,0.03787612490863666,flood,10.243413052451878
5,Arrive,44,0.10244231576146348,0.35445194728775337,6.096889852852386,61.50965017601825,0.4334825166233672,drought,10.234863782797623
5,Arrive,45,0.10244231576146348,0.35445194728775337,6.096889852852386,142.25125826233602,0.258463230493638,flood,10.238646044922692
5,Arrive,46,0.10244231576146348,0.35445194728775337,6.096889852852386,137.04941111167858,0.4775734235941672,normal,10.233910954276931
5,Arrive,47,0.10244231576146348,0.35445194728775337,6.096889852852386,184.38151483352038,0.23036951478894407,normal,10.239253165424737
5,Arrive,48,0.10244231576146348,0.35445194728775337,6.096889852852386,147.77561819729146,0.1675481138114099,flood,10.240610770125427
5,Arrive,49,0.10244231576146348,0.35445194728775337,6.096889852852386,125.20509528092414,0.47928395584462663,flood,10.233873988743088
5,Arrive,50,0.10244231576146348,0.35445194728775337,6.096889852852386,65.52528159055875,0.450572148638329,flood,10.234494466539221
5,Arrive,51,0.10244231576146348,0.35445194728775337,6.096889852852386,197.3578371640096,0.051321274692036276,normal,10.24312249544004
5,Arrive,52,0.10244231576146348,0.35445194728775337,6.096889852852386,75.88383671545473,0.13139442456315928,flood,10.24139207104688
5,Arrive,53,0.10244231576146348,0.35445194728775337,6.096889852852386,198.64790339703313,0.2667935910533855,normal,10.238466021292554
5,Arrive,54,0.10244231576146348,0.35445194728775337,6.096889852852386,73.8119311972312,0.19269747122965028,flood,10.240067278810061
5,Arrive,55,0.10244231576146348,0.35445194728775337,6.096889852852386,108.11248392846738,0.3894877464011304,normal,10.235814533750803
5,Arrive,56,0.10244231576146348,0.35445194728775337,6.096889852852386,139.68287935744843,0.39672119646619575,normal,10.235658214954059
5,Arrive,57,0.10244231576146348,0.35445194728775337,6.096889852852386,100.19740208899063,0.17154847000768714,normal,10.240524320248602
5,Arrive,58,0.10244231576146348,0.35445194728775337,6.096889852852386,151.75690172601213,0.14923201720027574,normal,10.241006590951939
5,Arrive,59,0.10244231576146348,0.35445194728775337,6.096889852852386,177.73493899766066,0.48256091404041584,normal,10.233803171891166
5,Arrive,60,0.10244231576146348,0.35445194728775337,6.096889852852386,180.99194930908084,0.17334739766967272,normal,10.240485444441756
5,Arrive,61,0.10244231576146348,0.35445194728775337,6.096889852852386,149.54181590090883,0.4592057629779889,flood,10.234307889429685
5,Arrive,62,0.10244231576146348,0.35445194728775337,6.096889852852386,195.1544761539117,0.35225518177782167,flood,10.23661914975689
5,Arrive,63,0.10244231576146348,0.35445194728775337,6.096889852852386,69.34274874073402,0.3573286670418164,drought,10.236509508976264
5,Arrive,64,0.10244231576146348,0.35445194728775337,6.096889852852386,96.43728311239414,0.19457285996758708,flood,10.240026750637709
5,Arrive,65,0.10244231576146348,0.35445194728775337,6.096889852852386,171.97771757222014,0.338357035997414,normal,10.236919496259018
5,Arrive,66,0.10244231576146348,0.35445194728775337,6.096889852852386,199.57461694488052,0.45709951287457895,drought,10.234353406641919
5,Arrive,67,0.10244231576146348,0.35445194728775337,6.096889852852386,146.90372311002318,0.21746911949783082,flood,10.239531949995209
5,Arrive,68,0.10244231576146348,0.35445194728775337,6.096889852852386,52.734580668729905,0.16134437433130164,drought,10.240744836315436
5,Arrive,69,0.10244231576146348,0.35445194728775337,6.096889852852386,101.25985176973222,0.38541654175723156,drought,10.23590251470118
5,Arrive,70,0.10244231576146348,0.35445194728775337,6.096889852852386,83.9814569800831,0.07740702305676884,drought,10.24255876820617
5,Arrive,71,0.10244231576146348,0.35445194728775337,6.096889852852386,94.36881524819327,0.3961788850989861,normal,10.23566993459816
5,Arrive,72,0.10244231576146348,0.35445194728775337,6.096889852852386,165.63120805446516,0.41920871505093243,normal,10.235172247426076
5,Arrive,73,0.10244231576146348,0.35445194728775337,6.096889852852386,55.662123853634185,0.17501454226249796,normal,10.240449416538834
5,Arrive,74,0.10244231576146348,0.35445194728775337,6.096889852852386,69.6573562144262,0.1945927367030371,drought,10.240026321090626
5,Arrive,75,0.10244231576146348,0.35445194728775337,6.096889852852386,77.12689507530449,0.34949436402200107,normal,10.236678812532707
5,Arrive,76,0.10244231576146348,0.35445194728775337,6.096889852852386,171.35655794589516,0.09111419121458875,flood,10.242262548834512
5,Arrive,77,0.10244231576146348,0.35445194728775337,6.096889852852386,56.55386419317715,0.18850671292407684,normal,10.240157843380201
5,Arrive,78,0.10244231576146348,0.35445194728775337,6.096889852852386,85.62953021703876,0.22765736780458506,flood,10.239311776398667
5,Arrive,79,0.10244231576146348,0.35445194728775337,6.096889852852386,162.8586747667229,0.3940621761230729,drought,10.235715677832328
5,Arrive,80,0.10244231576146348,0.35445194728775337,6.096889852852386,130.10167245473917,0.16163926931576691,flood,10.240738463474159
5,Arrive,81,0.10244231576146348,0.35445194728775337,6.096889852852386,185.59615072061874,0.10506792634905922,normal,10.241961001016158
5,Arrive,82,0.10244231576146348,0.35445194728775337,6.096889852852386,192.06952553661844,0.4923754988304729,flood,10.233591073366794
5,Arrive,83,0.10244231576146348,0.35445194728775337,6.096889852852386,165.4157827963364,0.3912807782524637,normal,10.235775785355639
5,Arrive,84,0.10244231576146348,0.35445194728775337,6.096889852852386,129.11896826922242,0.4834713950709142,drought,10.23378349590006
5,Arrive,85,0.10244231576146348,0.35445194728775337,6.096889852852386,170.18888362273213,0.07781528195568128,flood,10.242549945508943
5,Arrive,86,0.10244231576146348,0.35445194728775337,6.096889852852386,57.82697048915069,0.24548942117629424,flood,10.238926416010269
5,Arrive,87,0.10244231576146348,0.35445194728775337,6.096889852852386,133.1811118136647,0.060268968556720585,normal,10.242929130900855
5,Arrive,88,0.10244231576146348,0.35445194728775337,6.096889852852386,177.67490721271682,0.14968087688907095,drought,10.240996890849521
5,Arrive,89,0.10244231576146348,0.35445194728775337,6.096889852852386,90.9186949387035,0.4536000423993382,drought,10.234429032105426
5,Arrive,90,0.10244231576146348,0.35445194728775337,6.096889852852386,174.65700779572785,0.05493964913295576,drought,10.243044300397056
5,Arrive,91,0.10244231576146348,0.35445194728775337,6.096889852852386,172.50548837832508,0.44346858912182363,drought,10.234647978330445
5,Arrive,92,0.10244231576146348,0.35445194728775337,6.096889852852386,112.23453587285081,0.20426244308042144,flood,10.239817353467684
5,Arrive,93,0.10244231576146348,0.35445194728775337,6.096889852852386,85.36671107951489,0.4973174221067627,flood,10.233484275712396
5,Arrive,94,0.10244231576146348,0.35445194728775337,6.096889852852386,83.68081379106738,0.1661555889703683,drought,10.240640863345899
5,Arrive,95,0.10244231576146348,0.35445194728775337,6.096889852852386,175.87644314174085,0.328480735304149,drought,10.237132928497681
5,Arrive,96,0.10244231576146348,0.35445194728775337,6.096889852852386,70.63993815888075,0.1505709046835014,flood,10.24097765686399
5,Arrive,97,0.10244231576146348,0.35445194728775337,6.096889852852386,154.41079828639755,0.07800841899091124,normal,10.242545771712388
5,Arrive,98,0.10244231576146348,0.35445194728775337,6.096889852852386,120.36651907332406,0.3115206460101387,drought,10.237499445267307
5,Arrive,99,0.10244231576146348,0.35445194728775337,6.096889852852386,52.850582736645556,0.11567082478949366,drought,10.241731866604322
5,Arrive,100,0.10244231576146348,0.35445194728775337,6.096889852852386,132.3206368165753,0.3663450448092166,normal,10.23631466014052
